{
  "model": "weighted_logistic_regression",
  "features": [
    "air_temperature_k_z",
    "process_temperature_k_z",
    "rotational_speed_rpm_z",
    "torque_nm_z",
    "tool_wear_min_z",
    "temperature_gap_k_z",
    "power_proxy_z",
    "Type_H",
    "Type_L",
    "Type_M"
  ],
  "intercept": -0.8712742057730595,
  "coefficients": {
    "air_temperature_k_z": 0.2118477268777838,
    "process_temperature_k_z": -0.15198521038865742,
    "rotational_speed_rpm_z": 1.2110221397090903,
    "torque_nm_z": 1.4118446036538301,
    "tool_wear_min_z": 0.7302123400197886,
    "temperature_gap_k_z": -0.6485465241287997,
    "power_proxy_z": 0.40180022361221224,
    "Type_H": -0.30644894261083866,
    "Type_L": -0.17716116604982454,
    "Type_M": -0.3648566423210046
  },
  "threshold": 0.82,
  "seed": 42,
  "epochs": 500,
  "learning_rate": 0.08,
  "l2": 0.001,
  "note": "Failure mode columns TWF/HDF/PWF/OSF/RNF were excluded to avoid label leakage."
}