feature,mean,std
Air temperature [K],300.00493,2.0001586674811573
Process temperature [K],310.00556,1.483660030600002
Rotational speed [rpm],1538.7761,179.2751314845146
Torque [Nm],39.986909999999995,9.96843526597329
Tool wear [min],107.951,63.65096384973286
temperature_gap [K],10.00063,1.0010437568358337
power_proxy,59967.147039999996,10192.584213447994
